brand,gross_sales,net_sales,cogs,gross_margin,contribution,trade_discounts,logistics,marketing,merchandising,gm_pct,cm_pct,spend
Brand A - Cheese,574256536.0,542350667.0,317634038.0,224716629.0,181758776.0,31905869.0,11794081.0,21608243.0,9555530.0,0.0,0.0,74863722.0
Brand B - Yoghurt,338301949.0,320947898.0,201017280.0,119930619.0,97639920.0,17354050.0,5468685.0,11157241.0,5664773.0,0.0,0.0,39644749.0
Brand C - Ice Cream,166162014.0,155025814.0,101605072.0,53420741.0,38585296.0,11136200.0,4506505.0,7626034.0,2702907.0,0.0,0.0,25971646.0
Brand D - Bakery,612253661.0,567320652.0,401020017.0,166300636.0,116664880.0,44933010.0,9967786.0,29745279.0,9922691.0,0.0,0.0,94568765.0
Brand E - Butter,351066071.0,332880331.0,201670448.0,131209883.0,105719846.0,18185740.0,8109637.0,11602926.0,5777473.0,0.0,0.0,43675776.0
Brand F - Cream,543542407.0,488444040.0,315749132.0,172694908.0,119097435.0,55098367.0,7858560.0,37197987.0,8540926.0,0.0,0.0,108695840.0
Brand G - Deli Meats,547301083.0,498949573.0,337562325.0,161387248.0,113187225.0,48351511.0,7831716.0,31646699.0,8721607.0,0.0,0.0,96551533.0
Brand H - Sauces,436951646.0,396634875.0,220362724.0,176272151.0,134628251.0,40316770.0,7790789.0,26969560.0,6883552.0,0.0,0.0,81960671.0
Brand I - Juice,529379771.0,484339647.0,352857703.0,131481944.0,85678400.0,45040124.0,7409513.0,29661686.0,8732345.0,0.0,0.0,90843669.0
Brand J - Snacks,727875691.0,670415901.0,466639384.0,203776518.0,143335867.0,57459790.0,11065289.0,37866664.0,11508698.0,0.0,0.0,117900440.0
