brand,sku,channel,net_sales,spend,contribution,net_sales_target,spend_budget,contribution_target
Brand A - Cheese,A-01,E-commerce,1220425.0,141405.0,434257.0,1318059.0,147061.0,468997.0
Brand A - Cheese,A-01,HoReCa,1896376.0,244421.0,644385.0,2048086.0,254198.0,695935.0
Brand A - Cheese,A-01,Modern Trade,6971867.0,871953.0,2420354.0,7529617.0,906831.0,2613982.0
Brand A - Cheese,A-01,Wholesale,5160914.0,629278.0,1761120.0,5573787.0,654449.0,1902010.0
Brand A - Cheese,A-02,E-commerce,1644615.0,195392.0,577855.0,1776184.0,203208.0,624084.0
Brand A - Cheese,A-02,HoReCa,2393134.0,334694.0,786308.0,2584585.0,348082.0,849212.0
Brand A - Cheese,A-02,Modern Trade,9291445.0,1168953.0,3102822.0,10034760.0,1215711.0,3351048.0
Brand A - Cheese,A-02,Wholesale,6872026.0,811393.0,2376645.0,7421788.0,843848.0,2566776.0
Brand A - Cheese,A-03,E-commerce,1585325.0,341659.0,510244.0,1712151.0,355325.0,551064.0
Brand A - Cheese,A-03,HoReCa,2375249.0,539015.0,721923.0,2565268.0,560575.0,779677.0
Brand A - Cheese,A-03,Modern Trade,9667860.0,2721520.0,2623641.0,10441289.0,2830381.0,2833533.0
Brand A - Cheese,A-03,Wholesale,7655095.0,2121650.0,2029407.0,8267502.0,2206516.0,2191760.0
Brand A - Cheese,A-04,E-commerce,3056607.0,346614.0,1022481.0,3301136.0,360479.0,1104279.0
Brand A - Cheese,A-04,HoReCa,4461523.0,597856.0,1466240.0,4818445.0,621770.0,1583540.0
Brand A - Cheese,A-04,Modern Trade,17260575.0,2224021.0,5828874.0,18641421.0,2312981.0,6295183.0
Brand A - Cheese,A-04,Wholesale,13260604.0,1849640.0,4554609.0,14321453.0,1923625.0,4918977.0
Brand A - Cheese,A-05,E-commerce,7583354.0,826547.0,2605598.0,8190023.0,859609.0,2814046.0
Brand A - Cheese,A-05,HoReCa,11593989.0,1395871.0,3923518.0,12521508.0,1451706.0,4237400.0
Brand A - Cheese,A-05,Modern Trade,43171411.0,4796122.0,15221041.0,46625124.0,4987967.0,16438724.0
Brand A - Cheese,A-05,Wholesale,33805577.0,3627693.0,11992397.0,36510023.0,3772801.0,12951789.0
Brand A - Cheese,A-06,E-commerce,308229.0,71105.0,93897.0,332888.0,73950.0,101409.0
Brand A - Cheese,A-06,HoReCa,482339.0,118606.0,137683.0,520927.0,123350.0,148698.0
Brand A - Cheese,A-06,Modern Trade,1853353.0,396878.0,561186.0,2001621.0,412753.0,606080.0
Brand A - Cheese,A-06,Wholesale,1441771.0,310144.0,447015.0,1557112.0,322550.0,482776.0
Brand A - Cheese,A-07,E-commerce,5770537.0,697600.0,2022045.0,6232180.0,725504.0,2183809.0
Brand A - Cheese,A-07,HoReCa,8600184.0,1030704.0,2884120.0,9288198.0,1071932.0,3114850.0
Brand A - Cheese,A-07,Modern Trade,33010102.0,3881842.0,11192159.0,35650910.0,4037115.0,12087531.0
Brand A - Cheese,A-07,Wholesale,24987262.0,3164655.0,8678349.0,26986243.0,3291241.0,9372617.0
Brand A - Cheese,A-08,E-commerce,1510903.0,242561.0,468312.0,1631776.0,252263.0,505777.0
Brand A - Cheese,A-08,HoReCa,2340223.0,406381.0,697374.0,2527441.0,422637.0,753163.0
Brand A - Cheese,A-08,Modern Trade,8391086.0,1308530.0,2558716.0,9062373.0,1360871.0,2763413.0
Brand A - Cheese,A-08,Wholesale,6813660.0,1113503.0,2110951.0,7358753.0,1158043.0,2279828.0
Brand B - Yoghurt,B-01,E-commerce,3635167.0,440656.0,1135477.0,3925981.0,458283.0,1226315.0
Brand B - Yoghurt,B-01,HoReCa,5636746.0,692651.0,1707994.0,6087685.0,720357.0,1844634.0
Brand B - Yoghurt,B-01,Modern Trade,21242735.0,2513765.0,6481049.0,22942154.0,2614315.0,6999533.0
Brand B - Yoghurt,B-01,Wholesale,16707986.0,2007360.0,5199777.0,18044625.0,2087655.0,5615759.0
Brand B - Yoghurt,B-02,E-commerce,3922232.0,520650.0,1148478.0,4236010.0,541476.0,1240356.0
Brand B - Yoghurt,B-02,HoReCa,5898301.0,823687.0,1726008.0,6370165.0,856634.0,1864088.0
Brand B - Yoghurt,B-02,Modern Trade,21532839.0,3000149.0,6426482.0,23255466.0,3120155.0,6940601.0
Brand B - Yoghurt,B-02,Wholesale,17081814.0,2080146.0,5196341.0,18448359.0,2163351.0,5612048.0
Brand B - Yoghurt,B-03,E-commerce,1853904.0,238082.0,562270.0,2002217.0,247606.0,607252.0
Brand B - Yoghurt,B-03,HoReCa,2865667.0,343928.0,842251.0,3094920.0,357685.0,909631.0
Brand B - Yoghurt,B-03,Modern Trade,10697018.0,1347291.0,3219789.0,11552780.0,1401183.0,3477372.0
Brand B - Yoghurt,B-03,Wholesale,8191540.0,1049972.0,2468105.0,8846864.0,1091971.0,2665554.0
Brand B - Yoghurt,B-04,E-commerce,352531.0,44376.0,102954.0,380733.0,46151.0,111190.0
Brand B - Yoghurt,B-04,HoReCa,520570.0,82061.0,139653.0,562215.0,85344.0,150825.0
Brand B - Yoghurt,B-04,Modern Trade,2034487.0,295245.0,584303.0,2197246.0,307055.0,631048.0
Brand B - Yoghurt,B-04,Wholesale,1542891.0,221951.0,438560.0,1666322.0,230829.0,473645.0
Brand B - Yoghurt,B-05,E-commerce,3590592.0,431379.0,1128809.0,3877839.0,448634.0,1219114.0
Brand B - Yoghurt,B-05,HoReCa,5407235.0,680198.0,1624072.0,5839813.0,707405.0,1753998.0
Brand B - Yoghurt,B-05,Modern Trade,20123723.0,2489530.0,6003950.0,21733621.0,2589111.0,6484266.0
Brand B - Yoghurt,B-05,Wholesale,15905052.0,1767146.0,4940313.0,17177456.0,1837832.0,5335538.0
Brand C - Ice Cream,C-01,E-commerce,2046342.0,237532.0,583342.0,2210049.0,247033.0,630009.0
Brand C - Ice Cream,C-01,HoReCa,3188895.0,379726.0,880050.0,3444006.0,394915.0,950454.0
Brand C - Ice Cream,C-01,Modern Trade,11870927.0,1265899.0,3345135.0,12820601.0,1316535.0,3612746.0
Brand C - Ice Cream,C-01,Wholesale,9370412.0,1125534.0,2573121.0,10120046.0,1170556.0,2778971.0
Brand C - Ice Cream,C-02,E-commerce,1570810.0,317852.0,399378.0,1696474.0,330566.0,431329.0
Brand C - Ice Cream,C-02,HoReCa,2281817.0,523191.0,536413.0,2464362.0,544119.0,579326.0
Brand C - Ice Cream,C-02,Modern Trade,8974015.0,1820683.0,2370515.0,9691936.0,1893510.0,2560156.0
Brand C - Ice Cream,C-02,Wholesale,6954017.0,1435078.0,1804106.0,7510339.0,1492481.0,1948435.0
Brand C - Ice Cream,C-03,E-commerce,1770237.0,237369.0,436452.0,1911856.0,246864.0,471368.0
Brand C - Ice Cream,C-03,HoReCa,2662969.0,390339.0,644867.0,2876006.0,405952.0,696456.0
Brand C - Ice Cream,C-03,Modern Trade,10118678.0,1308758.0,2652609.0,10928173.0,1361108.0,2864818.0
Brand C - Ice Cream,C-03,Wholesale,7677016.0,1091606.0,2044658.0,8291177.0,1135270.0,2208231.0
Brand C - Ice Cream,C-04,E-commerce,1003011.0,134945.0,254898.0,1083251.0,140343.0,275289.0
Brand C - Ice Cream,C-04,HoReCa,1517273.0,218449.0,395157.0,1638655.0,227187.0,426770.0
Brand C - Ice Cream,C-04,Modern Trade,5528146.0,732704.0,1455139.0,5970398.0,762012.0,1571550.0
Brand C - Ice Cream,C-04,Wholesale,4337244.0,609413.0,1116793.0,4684224.0,633789.0,1206136.0
Brand D - Bakery,D-01,E-commerce,5225770.0,691926.0,1106497.0,5643832.0,719603.0,1195016.0
Brand D - Bakery,D-01,HoReCa,7861003.0,1060815.0,1768799.0,8489883.0,1103247.0,1910303.0
Brand D - Bakery,D-01,Modern Trade,28553784.0,3696779.0,5938955.0,30838087.0,3844650.0,6414071.0
Brand D - Bakery,D-01,Wholesale,21962745.0,2601122.0,5033596.0,23719765.0,2705167.0,5436284.0
Brand D - Bakery,D-02,E-commerce,3204229.0,371403.0,723126.0,3460567.0,386259.0,780976.0
Brand D - Bakery,D-02,HoReCa,4800220.0,588684.0,1104162.0,5184238.0,612232.0,1192495.0
Brand D - Bakery,D-02,Modern Trade,17986084.0,1986829.0,4080374.0,19424970.0,2066302.0,4406804.0
Brand D - Bakery,D-02,Wholesale,13456184.0,1681300.0,3097604.0,14532679.0,1748552.0,3345412.0
Brand D - Bakery,D-03,E-commerce,7185386.0,1144048.0,1709202.0,7760217.0,1189810.0,1845938.0
Brand D - Bakery,D-03,HoReCa,10827215.0,1920675.0,2465537.0,11693392.0,1997502.0,2662780.0
Brand D - Bakery,D-03,Modern Trade,40526228.0,7261238.0,9306077.0,43768326.0,7551688.0,10050563.0
Brand D - Bakery,D-03,Wholesale,32713292.0,5569261.0,7750210.0,35330355.0,5792031.0,8370227.0
Brand D - Bakery,D-04,E-commerce,4923065.0,601760.0,1142375.0,5316910.0,625830.0,1233765.0
Brand D - Bakery,D-04,HoReCa,7939526.0,1018097.0,1724869.0,8574688.0,1058821.0,1862859.0
Brand D - Bakery,D-04,Modern Trade,28696647.0,3299391.0,6232682.0,30992379.0,3431367.0,6731296.0
Brand D - Bakery,D-04,Wholesale,22732293.0,2932564.0,5184751.0,24550877.0,3049866.0,5599531.0
Brand D - Bakery,D-05,E-commerce,2853761.0,378799.0,566094.0,3082062.0,393951.0,611381.0
Brand D - Bakery,D-05,HoReCa,4461999.0,670247.0,857460.0,4818959.0,697057.0,926057.0
Brand D - Bakery,D-05,Modern Trade,16896656.0,2369284.0,3558292.0,18248388.0,2464056.0,3842955.0
Brand D - Bakery,D-05,Wholesale,12418522.0,1768669.0,2512999.0,13412004.0,1839416.0,2714039.0
Brand E - Butter,E-01,E-commerce,3283505.0,433586.0,1057592.0,3546186.0,450929.0,1142200.0
Brand E - Butter,E-01,HoReCa,4902537.0,668308.0,1479841.0,5294740.0,695041.0,1598229.0
Brand E - Butter,E-01,Modern Trade,18558655.0,2309318.0,5857773.0,20043347.0,2401691.0,6326395.0
Brand E - Butter,E-01,Wholesale,14672237.0,1744699.0,4707715.0,15846015.0,1814487.0,5084332.0
Brand E - Butter,E-02,E-commerce,300508.0,43340.0,91348.0,324548.0,45074.0,98656.0
Brand E - Butter,E-02,HoReCa,436601.0,66345.0,128833.0,471529.0,68999.0,139140.0
Brand E - Butter,E-02,Modern Trade,1681132.0,245321.0,502752.0,1815623.0,255134.0,542972.0
Brand E - Butter,E-02,Wholesale,1306800.0,192883.0,393055.0,1411344.0,200598.0,424500.0
Brand E - Butter,E-03,E-commerce,7077535.0,814887.0,2282081.0,7643738.0,847483.0,2464647.0
Brand E - Butter,E-03,HoReCa,10504426.0,1314540.0,3450286.0,11344780.0,1367121.0,3726308.0
Brand E - Butter,E-03,Modern Trade,39817513.0,4765879.0,12929852.0,43002915.0,4956514.0,13964240.0
Brand E - Butter,E-03,Wholesale,31512060.0,4082522.0,10325560.0,34033025.0,4245823.0,11151605.0
Brand E - Butter,E-04,E-commerce,1040718.0,146713.0,331862.0,1123976.0,152581.0,358411.0
Brand E - Butter,E-04,HoReCa,1571327.0,216374.0,464846.0,1697033.0,225029.0,502034.0
Brand E - Butter,E-04,Modern Trade,5999069.0,762507.0,1877677.0,6478994.0,793008.0,2027891.0
Brand E - Butter,E-04,Wholesale,4832467.0,647677.0,1496330.0,5219064.0,673585.0,1616036.0
Brand E - Butter,E-05,E-commerce,2352357.0,365958.0,679817.0,2540546.0,380597.0,734202.0
Brand E - Butter,E-05,HoReCa,3440576.0,560417.0,988807.0,3715822.0,582834.0,1067912.0
Brand E - Butter,E-05,Modern Trade,13537579.0,2048675.0,4059285.0,14620585.0,2130621.0,4384028.0
Brand E - Butter,E-05,Wholesale,10024270.0,1561758.0,3012321.0,10826212.0,1624228.0,3253307.0
Brand F - Cream,F-01,E-commerce,4692117.0,818392.0,1402134.0,5067486.0,851128.0,1514305.0
Brand F - Cream,F-01,HoReCa,7729306.0,1841593.0,1808911.0,8347650.0,1915257.0,1953624.0
Brand F - Cream,F-01,Modern Trade,27264057.0,4991901.0,8208300.0,29445181.0,5191578.0,8864964.0
Brand F - Cream,F-01,Wholesale,21665970.0,5503081.0,5330532.0,23399247.0,5723204.0,5756975.0
Brand F - Cream,F-02,E-commerce,7990302.0,1501341.0,2289833.0,8629527.0,1561395.0,2473019.0
Brand F - Cream,F-02,HoReCa,11943486.0,2156465.0,3466970.0,12898965.0,2242724.0,3744328.0
Brand F - Cream,F-02,Modern Trade,44634446.0,8039942.0,13212539.0,48205202.0,8361539.0,14269543.0
Brand F - Cream,F-02,Wholesale,34936990.0,5865614.0,9996014.0,37731949.0,6100239.0,10795695.0
Brand F - Cream,F-03,E-commerce,1404388.0,349722.0,338683.0,1516739.0,363711.0,365777.0
Brand F - Cream,F-03,HoReCa,1929107.0,356031.0,550253.0,2083436.0,370273.0,594273.0
Brand F - Cream,F-03,Modern Trade,7798545.0,1394868.0,2196812.0,8422428.0,1450663.0,2372557.0
Brand F - Cream,F-03,Wholesale,5994259.0,1085026.0,1754106.0,6473800.0,1128427.0,1894435.0
Brand F - Cream,F-04,E-commerce,1447683.0,165425.0,428029.0,1563498.0,172042.0,462271.0
Brand F - Cream,F-04,HoReCa,2146115.0,249060.0,631980.0,2317804.0,259022.0,682538.0
Brand F - Cream,F-04,Modern Trade,8000495.0,958739.0,2318389.0,8640535.0,997088.0,2503860.0
Brand F - Cream,F-04,Wholesale,6085539.0,736538.0,1747390.0,6572382.0,765999.0,1887181.0
Brand F - Cream,F-05,E-commerce,2473814.0,269966.0,725729.0,2671719.0,280764.0,783788.0
Brand F - Cream,F-05,HoReCa,3843916.0,484416.0,1104222.0,4151429.0,503793.0,1192560.0
Brand F - Cream,F-05,Modern Trade,14877034.0,1742735.0,4172046.0,16067197.0,1812444.0,4505810.0
Brand F - Cream,F-05,Wholesale,10932985.0,1274624.0,3228748.0,11807624.0,1325609.0,3487047.0
Brand F - Cream,F-06,E-commerce,1966480.0,320064.0,481142.0,2123798.0,332867.0,519634.0
Brand F - Cream,F-06,HoReCa,2972876.0,511722.0,691150.0,3210706.0,532191.0,746442.0
Brand F - Cream,F-06,Modern Trade,10914471.0,1833986.0,2705123.0,11787629.0,1907346.0,2921533.0
Brand F - Cream,F-06,Wholesale,8807116.0,1324994.0,2149537.0,9511686.0,1377994.0,2321500.0
Brand G - Deli Meats,G-01,E-commerce,1241787.0,153643.0,315560.0,1341130.0,159788.0,340805.0
Brand G - Deli Meats,G-01,HoReCa,1912469.0,228965.0,466280.0,2065466.0,238123.0,503582.0
Brand G - Deli Meats,G-01,Modern Trade,7060186.0,818236.0,1812383.0,7625001.0,850966.0,1957373.0
Brand G - Deli Meats,G-01,Wholesale,5554922.0,720495.0,1393101.0,5999315.0,749314.0,1504549.0
Brand G - Deli Meats,G-02,E-commerce,3094607.0,381490.0,762350.0,3342176.0,396749.0,823338.0
Brand G - Deli Meats,G-02,HoReCa,4668573.0,628758.0,1115031.0,5042059.0,653908.0,1204233.0
Brand G - Deli Meats,G-02,Modern Trade,16963281.0,2174746.0,4308172.0,18320344.0,2261736.0,4652826.0
Brand G - Deli Meats,G-02,Wholesale,14002319.0,1899780.0,3486264.0,15122505.0,1975772.0,3765165.0
Brand G - Deli Meats,G-03,E-commerce,1210462.0,244156.0,278998.0,1307299.0,253922.0,301318.0
Brand G - Deli Meats,G-03,HoReCa,1819495.0,386755.0,414047.0,1965055.0,402225.0,447171.0
Brand G - Deli Meats,G-03,Modern Trade,7328409.0,1383746.0,1833805.0,7914681.0,1439096.0,1980509.0
Brand G - Deli Meats,G-03,Wholesale,5292775.0,1118298.0,1246612.0,5716197.0,1163030.0,1346341.0
Brand G - Deli Meats,G-04,E-commerce,2172214.0,262149.0,544376.0,2345991.0,272635.0,587927.0
Brand G - Deli Meats,G-04,HoReCa,3277550.0,428123.0,808372.0,3539754.0,445248.0,873041.0
Brand G - Deli Meats,G-04,Modern Trade,12647715.0,1437909.0,3197089.0,13659532.0,1495425.0,3452856.0
Brand G - Deli Meats,G-04,Wholesale,9121349.0,1228671.0,2279197.0,9851056.0,1277818.0,2461533.0
Brand G - Deli Meats,G-05,E-commerce,3167560.0,398539.0,796228.0,3420964.0,414480.0,859926.0
Brand G - Deli Meats,G-05,HoReCa,4972783.0,593636.0,1264834.0,5370606.0,617381.0,1366021.0
Brand G - Deli Meats,G-05,Modern Trade,20128066.0,2570430.0,5136627.0,21738311.0,2673247.0,5547558.0
Brand G - Deli Meats,G-05,Wholesale,14745260.0,1617822.0,3805883.0,15924881.0,1682534.0,4110353.0
Brand G - Deli Meats,G-06,E-commerce,9107053.0,1545392.0,2470036.0,9835618.0,1607208.0,2667638.0
Brand G - Deli Meats,G-06,HoReCa,14468508.0,2506814.0,3686085.0,15625989.0,2607086.0,3980972.0
Brand G - Deli Meats,G-06,Modern Trade,52389009.0,9327771.0,14284643.0,56580129.0,9700882.0,15427415.0
Brand G - Deli Meats,G-06,Wholesale,41430372.0,7052625.0,10870705.0,44744802.0,7334730.0,11740362.0
Brand H - Sauces,H-01,E-commerce,7627854.0,2026340.0,2469459.0,8238083.0,2107394.0,2667015.0
Brand H - Sauces,H-01,HoReCa,11409290.0,3016477.0,3644784.0,12322033.0,3137136.0,3936367.0
Brand H - Sauces,H-01,Modern Trade,41414400.0,10319203.0,13468472.0,44727552.0,10731971.0,14545950.0
Brand H - Sauces,H-01,Wholesale,32022436.0,7993431.0,10444233.0,34584231.0,8313169.0,11279771.0
Brand H - Sauces,H-02,E-commerce,2982590.0,394742.0,1084113.0,3221197.0,410532.0,1170842.0
Brand H - Sauces,H-02,HoReCa,4682070.0,654337.0,1625342.0,5056636.0,680511.0,1755370.0
Brand H - Sauces,H-02,Modern Trade,17150218.0,2373121.0,6152671.0,18522236.0,2468046.0,6644885.0
Brand H - Sauces,H-02,Wholesale,13420356.0,1799877.0,4825237.0,14493984.0,1871872.0,5211256.0
Brand H - Sauces,H-03,E-commerce,811719.0,206904.0,246761.0,876656.0,215180.0,266502.0
Brand H - Sauces,H-03,HoReCa,1214860.0,340327.0,343553.0,1312048.0,353940.0,371038.0
Brand H - Sauces,H-03,Modern Trade,4547004.0,1202816.0,1421171.0,4910764.0,1250929.0,1534864.0
Brand H - Sauces,H-03,Wholesale,3466553.0,921582.0,1047450.0,3743877.0,958445.0,1131247.0
Brand H - Sauces,H-04,E-commerce,1312024.0,377348.0,387622.0,1416986.0,392442.0,418632.0
Brand H - Sauces,H-04,HoReCa,2057808.0,616241.0,580495.0,2222433.0,640890.0,626934.0
Brand H - Sauces,H-04,Modern Trade,7450614.0,2014313.0,2296274.0,8046663.0,2094885.0,2479976.0
Brand H - Sauces,H-04,Wholesale,5949674.0,1641225.0,1813002.0,6425648.0,1706874.0,1958042.0
Brand H - Sauces,H-05,E-commerce,470615.0,124852.0,149644.0,508265.0,129846.0,161616.0
Brand H - Sauces,H-05,HoReCa,732810.0,204681.0,219422.0,791434.0,212869.0,236976.0
Brand H - Sauces,H-05,Modern Trade,2735459.0,721134.0,853465.0,2954295.0,749980.0,921742.0
Brand H - Sauces,H-05,Wholesale,2199394.0,562635.0,710934.0,2375345.0,585141.0,767809.0
Brand H - Sauces,H-06,E-commerce,3552788.0,415279.0,1357066.0,3837011.0,431890.0,1465632.0
Brand H - Sauces,H-06,HoReCa,5422867.0,648885.0,2013144.0,5856696.0,674840.0,2174196.0
Brand H - Sauces,H-06,Modern Trade,21715930.0,2477891.0,8199850.0,23453205.0,2577007.0,8855838.0
Brand H - Sauces,H-06,Wholesale,16143562.0,1972577.0,6063722.0,17435047.0,2051480.0,6548820.0
Brand I - Juice,I-01,E-commerce,1117814.0,220608.0,236232.0,1207239.0,229433.0,255130.0
Brand I - Juice,I-01,HoReCa,1774731.0,349085.0,358971.0,1916710.0,363048.0,387689.0
Brand I - Juice,I-01,Modern Trade,6481570.0,1256350.0,1298880.0,7000096.0,1306604.0,1402791.0
Brand I - Juice,I-01,Wholesale,4750392.0,867401.0,971643.0,5130424.0,902097.0,1049374.0
Brand I - Juice,I-02,E-commerce,6107502.0,703367.0,1287478.0,6596102.0,731502.0,1390477.0
Brand I - Juice,I-02,HoReCa,8803022.0,1140544.0,1781541.0,9507264.0,1186166.0,1924065.0
Brand I - Juice,I-02,Modern Trade,33591025.0,4223139.0,7041588.0,36278307.0,4392064.0,7604915.0
Brand I - Juice,I-02,Wholesale,25654855.0,2829203.0,5140142.0,27707243.0,2942371.0,5551354.0
Brand I - Juice,I-03,E-commerce,8491821.0,1511723.0,1774806.0,9171166.0,1572192.0,1916790.0
Brand I - Juice,I-03,HoReCa,12592425.0,2303223.0,2612004.0,13599819.0,2395352.0,2820965.0
Brand I - Juice,I-03,Modern Trade,47017505.0,8191572.0,10330738.0,50778905.0,8519235.0,11157197.0
Brand I - Juice,I-03,Wholesale,34784554.0,6176112.0,7522380.0,37567319.0,6423156.0,8124171.0
Brand I - Juice,I-04,E-commerce,4800720.0,604537.0,1024483.0,5184778.0,628718.0,1106442.0
Brand I - Juice,I-04,HoReCa,7406408.0,961683.0,1333073.0,7998921.0,1000151.0,1439719.0
Brand I - Juice,I-04,Modern Trade,26595412.0,3406399.0,5230267.0,28723045.0,3542655.0,5648689.0
Brand I - Juice,I-04,Wholesale,21278433.0,2614785.0,4448748.0,22980708.0,2719377.0,4804648.0
Brand J - Snacks,J-01,E-commerce,7601930.0,872226.0,1850431.0,8210084.0,907116.0,1998465.0
Brand J - Snacks,J-01,HoReCa,11258374.0,1346571.0,2716223.0,12159044.0,1400434.0,2933521.0
Brand J - Snacks,J-01,Modern Trade,40633282.0,4706706.0,9897358.0,43883945.0,4894974.0,10689147.0
Brand J - Snacks,J-01,Wholesale,33799678.0,3830532.0,8257451.0,36503652.0,3983754.0,8918048.0
Brand J - Snacks,J-02,E-commerce,3834609.0,681340.0,862036.0,4141378.0,708593.0,930999.0
Brand J - Snacks,J-02,HoReCa,5872658.0,1113618.0,1346765.0,6342471.0,1158163.0,1454506.0
Brand J - Snacks,J-02,Modern Trade,22616930.0,4409230.0,5397028.0,24426285.0,4585599.0,5828790.0
Brand J - Snacks,J-02,Wholesale,16970016.0,2975909.0,4291333.0,18327617.0,3094945.0,4634639.0
Brand J - Snacks,J-03,E-commerce,2124254.0,429679.0,486425.0,2294194.0,446866.0,525339.0
Brand J - Snacks,J-03,HoReCa,3094853.0,606509.0,719320.0,3342442.0,630770.0,776866.0
Brand J - Snacks,J-03,Modern Trade,11993791.0,2281040.0,2900489.0,12953294.0,2372281.0,3132528.0
Brand J - Snacks,J-03,Wholesale,9392792.0,1838260.0,2188999.0,10144216.0,1911790.0,2364119.0
Brand J - Snacks,J-04,E-commerce,1833894.0,393874.0,375974.0,1980605.0,409629.0,406052.0
Brand J - Snacks,J-04,HoReCa,2857864.0,681291.0,518357.0,3086493.0,708543.0,559825.0
Brand J - Snacks,J-04,Modern Trade,10292597.0,2153339.0,2158867.0,11116005.0,2239472.0,2331577.0
Brand J - Snacks,J-04,Wholesale,7989794.0,1711413.0,1654184.0,8628978.0,1779869.0,1786518.0
Brand J - Snacks,J-05,E-commerce,2372980.0,450795.0,567085.0,2562819.0,468827.0,612452.0
Brand J - Snacks,J-05,HoReCa,3729978.0,717679.0,861103.0,4028376.0,746386.0,929991.0
Brand J - Snacks,J-05,Modern Trade,14278407.0,2418178.0,3352147.0,15420679.0,2514906.0,3620319.0
Brand J - Snacks,J-05,Wholesale,10711269.0,1913143.0,2575396.0,11568171.0,1989669.0,2781428.0
Brand J - Snacks,J-06,E-commerce,9947850.0,1112400.0,2280692.0,10743678.0,1156896.0,2463147.0
Brand J - Snacks,J-06,HoReCa,15494871.0,1813620.0,3618870.0,16734460.0,1886164.0,3908379.0
Brand J - Snacks,J-06,Modern Trade,55933201.0,6751267.0,13583524.0,60407857.0,7021318.0,14670206.0
Brand J - Snacks,J-06,Wholesale,43126197.0,4459025.0,10729854.0,46576293.0,4637386.0,11588242.0
